permutation_type,permutations,seed,RMSE,Rsquared,MAE,Resample
none,1,43,25.036368829782596,0.9794206781789394,20.36001890325615,Bootstrap01
none,1,43,34.31772750607524,0.9608297555266755,27.87185714169641,Bootstrap02
none,1,43,33.26414737435029,0.9603892831002979,27.786817800250613,Bootstrap03
none,1,43,25.050691176042115,0.9681824102540834,19.12888911908414,Bootstrap04
none,1,43,26.637316789411614,0.9673155813575681,21.056735318501786,Bootstrap05
none,1,43,31.58914010108767,0.9781305138633603,24.827609572568264,Bootstrap06
none,1,43,28.248934619297568,0.9656903287404566,22.256723459989644,Bootstrap07
none,1,43,25.70570566446898,0.9716195028085123,20.578802754097815,Bootstrap08
none,1,43,20.824686951793417,0.9777959165224193,17.45466274469007,Bootstrap09
none,1,43,27.326957643965915,0.959183676246964,21.415923888718783,Bootstrap10
none,2,44,25.16075351045613,0.9680263553012103,19.337557906275027,Bootstrap01
none,2,44,23.899228199762117,0.9758410547387119,19.021251407503495,Bootstrap02
none,2,44,26.189932029719607,0.9680957875583899,22.95676628712064,Bootstrap03
none,2,44,31.225391371052147,0.9615621803991267,26.21307491915751,Bootstrap04
none,2,44,24.867232344505183,0.9650899308389602,19.1443941500232,Bootstrap05
none,2,44,25.829027798639217,0.974146049943453,22.11958145795216,Bootstrap06
none,2,44,24.480958053913678,0.9730698114089179,20.863185647280385,Bootstrap07
none,2,44,30.702812782991035,0.9539613936972937,24.800439020744975,Bootstrap08
none,2,44,24.71850945835084,0.9763860930928115,19.137472407650154,Bootstrap09
none,2,44,28.90593553800485,0.9663710653993994,22.99745005461312,Bootstrap10
none,3,45,27.991689017722674,0.9674809525319957,21.907594435770136,Bootstrap01
none,3,45,32.307102941707555,0.9679560496547461,25.53388556786693,Bootstrap02
none,3,45,32.21492654174591,0.968583793827974,26.438682806486938,Bootstrap03
none,3,45,25.891296491171786,0.9719892666701736,20.2085406947289,Bootstrap04
none,3,45,28.823913949593827,0.9745043971944087,21.513011841089696,Bootstrap05
none,3,45,29.11520558421059,0.9674359842511232,23.574046797240918,Bootstrap06
none,3,45,33.15049590363503,0.9499998748651977,27.656879061369878,Bootstrap07
none,3,45,29.606636653382907,0.9603758061515874,23.869440758244114,Bootstrap08
none,3,45,26.129350775579272,0.9761956143302585,20.261063860508433,Bootstrap09
none,3,45,28.530980507965626,0.9620805524891071,22.955525339684744,Bootstrap10
none,4,46,29.246163887169104,0.9517893255102271,24.842781346024836,Bootstrap01
none,4,46,34.65680922819642,0.9648971840216962,26.660038426125226,Bootstrap02
none,4,46,29.749014835792895,0.9523429453715537,23.39441858009284,Bootstrap03
none,4,46,27.423274850288884,0.9775629346626057,22.14863092324112,Bootstrap04
none,4,46,27.96159464834909,0.9688219956500902,23.62648282184597,Bootstrap05
none,4,46,32.79778347638687,0.957305628424977,26.536819581098424,Bootstrap06
none,4,46,27.725102260339114,0.9648587769277817,22.35986534401679,Bootstrap07
none,4,46,29.187146549195862,0.9650640934746686,22.81423955861683,Bootstrap08
none,4,46,26.924128122077136,0.9617123032392046,22.3967862659051,Bootstrap09
none,4,46,25.18790795981391,0.9638631303565509,21.051259991106594,Bootstrap10
none,5,47,27.006921916194553,0.9590483695062132,22.471599678365262,Bootstrap01
none,5,47,30.976916667483785,0.9650224938112337,23.9896866279591,Bootstrap02
none,5,47,33.65503317348413,0.9685166143737904,28.356920109110206,Bootstrap03
none,5,47,27.104420784915586,0.9755082346308064,22.692669572219433,Bootstrap04
none,5,47,27.00927864135547,0.972516678228515,23.071188600690533,Bootstrap05
none,5,47,26.665561191077497,0.9714203031195492,20.05548915915918,Bootstrap06
none,5,47,25.761538152036337,0.9670245870273889,21.867906310606624,Bootstrap07
none,5,47,28.05120502995122,0.9654061119029238,23.25691401775966,Bootstrap08
none,5,47,26.533784536482003,0.9632086600512076,22.084466643980747,Bootstrap09
none,5,47,25.173364458829052,0.9784543377970056,20.801133359065382,Bootstrap10
none,6,48,26.80384666175064,0.9650188201302102,21.516116730165162,Bootstrap01
none,6,48,29.861417221210587,0.9680129482500709,25.191005755193164,Bootstrap02
none,6,48,25.866309230696963,0.9785207352064687,21.245379600188784,Bootstrap03
none,6,48,25.74291998893537,0.9814736068223244,19.35142791492533,Bootstrap04
none,6,48,29.72033983762074,0.9705063836645458,24.713533090558474,Bootstrap05
none,6,48,25.28849802695688,0.9666371402191138,20.604415658546095,Bootstrap06
none,6,48,25.71689677478096,0.9732827133289976,21.357614536589704,Bootstrap07
none,6,48,21.314243125455107,0.9828900683688245,17.62865930154118,Bootstrap08
none,6,48,28.776396057166558,0.9661913765941915,24.133992729863753,Bootstrap09
none,6,48,27.137197000122374,0.9709045594114705,22.90162518881624,Bootstrap10
none,7,49,24.521212327001095,0.9649986812575465,21.264972673669053,Bootstrap01
none,7,49,29.58415903194271,0.9708072711250597,24.101740614088794,Bootstrap02
none,7,49,27.198277698237753,0.9703683204984348,21.450793565516832,Bootstrap03
none,7,49,34.49079376839798,0.9612575323332323,26.28955208693839,Bootstrap04
none,7,49,26.38573499850874,0.9705509801738186,21.43339343988133,Bootstrap05
none,7,49,30.145212070360802,0.9601388720958157,23.342781069788835,Bootstrap06
none,7,49,34.810290514927154,0.9587964570068517,27.08443788636364,Bootstrap07
none,7,49,28.624027160119862,0.9734346378400032,22.71669800809077,Bootstrap08
none,7,49,26.32566559881408,0.9774277021104477,22.13001406451654,Bootstrap09
none,7,49,27.182460387346744,0.9679456085684104,21.401993622628105,Bootstrap10
none,8,50,24.563360723353703,0.9638449512198989,19.06662357322119,Bootstrap01
none,8,50,23.551208384113803,0.9745960972606166,18.569884609626587,Bootstrap02
none,8,50,24.134665251693335,0.97602824838092,19.45773353869745,Bootstrap03
none,8,50,26.041341362318377,0.9692784507826812,20.731777202891024,Bootstrap04
none,8,50,30.63091741125865,0.9734896973986708,25.651981132351256,Bootstrap05
none,8,50,22.74699909423423,0.9710920888915469,18.61451559990455,Bootstrap06
none,8,50,29.667703106897928,0.9505856780324183,22.983796587869683,Bootstrap07
none,8,50,28.88710049747262,0.9686089875490707,23.29164564775165,Bootstrap08
none,8,50,29.038707881058343,0.9699682172882754,23.13840207654097,Bootstrap09
none,8,50,27.659531609042286,0.9621051076854473,22.197802485226887,Bootstrap10
none,9,51,30.95927997433384,0.9654482356643522,25.02828712079479,Bootstrap01
none,9,51,29.099030146317705,0.9672966410740373,23.022802438273885,Bootstrap02
none,9,51,24.685039387776214,0.9728186058432192,18.33072542571004,Bootstrap03
none,9,51,35.92629344163308,0.9407158420264691,27.833509226286115,Bootstrap04
none,9,51,33.819981403228795,0.9442514400203669,28.13827631671269,Bootstrap05
none,9,51,28.535188099582175,0.9677052951179512,22.49191613208524,Bootstrap06
none,9,51,27.04927758172387,0.9715409970489954,22.554159713416734,Bootstrap07
none,9,51,28.312117297395048,0.9702230407343884,22.257490839508538,Bootstrap08
none,9,51,28.17386268331978,0.9640050327014382,22.298934257092736,Bootstrap09
none,9,51,31.863166449143936,0.9699465346943978,26.090810366365606,Bootstrap10
none,10,52,27.06997823623571,0.9660542615645247,22.997739194922246,Bootstrap01
none,10,52,30.02225076528679,0.9832342321731361,23.82760634757476,Bootstrap02
none,10,52,29.421726368434552,0.9654536957941192,24.769186186053087,Bootstrap03
none,10,52,27.769759925394577,0.9699429149858143,21.629444231742248,Bootstrap04
none,10,52,28.840522486015814,0.9780763580820546,23.372181674560427,Bootstrap05
none,10,52,29.646466466773347,0.9586011317605668,24.433332147659932,Bootstrap06
none,10,52,26.808060554699036,0.976027077023632,21.089178533930895,Bootstrap07
none,10,52,24.92109524356422,0.9719289130579082,21.533205062816783,Bootstrap08
none,10,52,28.004355406020476,0.9625070643987924,23.699560880692058,Bootstrap09
none,10,52,28.445020362139463,0.951092705582439,24.308326717935945,Bootstrap10
none,11,53,29.954412338964637,0.9772044248765661,24.456197811615606,Bootstrap01
none,11,53,21.67486427999072,0.9848066561594534,17.92113604064687,Bootstrap02
none,11,53,31.43570771507934,0.9688021046833136,25.529583231688797,Bootstrap03
none,11,53,31.558532803060483,0.9683225421944114,22.4369335540784,Bootstrap04
none,11,53,29.216184380147286,0.9614064967484505,24.106434579231422,Bootstrap05
none,11,53,30.167625084304806,0.962732385719805,24.937121438013666,Bootstrap06
none,11,53,26.56373875421175,0.9666507642303712,23.051733073066547,Bootstrap07
none,11,53,32.80591223959259,0.9672969197578494,24.787929216581208,Bootstrap08
none,11,53,28.238894762001795,0.9701202000411823,23.285977047174377,Bootstrap09
none,11,53,21.57735844825548,0.9766568236385276,17.809479549064775,Bootstrap10
none,12,54,25.468647106346236,0.9685840216899271,21.198118355291815,Bootstrap01
none,12,54,29.592071875161427,0.9664170439930018,23.8720142178121,Bootstrap02
none,12,54,34.32886518153007,0.9608895787496103,26.999391935599814,Bootstrap03
none,12,54,31.065351220085162,0.9682665137909133,26.916295139074506,Bootstrap04
none,12,54,25.833900423840536,0.9742426451788616,20.28039921762466,Bootstrap05
none,12,54,30.115920028279003,0.9773672256881702,24.870574702095478,Bootstrap06
none,12,54,29.650162997897343,0.976120226490272,23.456243877573108,Bootstrap07
none,12,54,26.542739208540084,0.9734107228740012,20.37903718522068,Bootstrap08
none,12,54,31.07551638467335,0.9694075678596712,25.65987420378782,Bootstrap09
none,12,54,27.47627967130936,0.9641859482671498,22.80436476636533,Bootstrap10
none,13,55,23.85924455543689,0.9786470773247573,19.812368972804425,Bootstrap01
none,13,55,28.144549957393167,0.9692044160999859,23.163721765975986,Bootstrap02
none,13,55,28.5820847022993,0.9697591904122004,21.563924338537436,Bootstrap03
none,13,55,26.990720535164822,0.9562538867193421,21.41255280972622,Bootstrap04
none,13,55,33.09148554652279,0.9620800786202132,27.06470549476904,Bootstrap05
none,13,55,25.756373708740544,0.9602588789562374,21.722478029120417,Bootstrap06
none,13,55,26.264964394613553,0.9717029368912025,22.002329493033432,Bootstrap07
none,13,55,26.7252591331823,0.971421147082837,20.665568376558923,Bootstrap08
none,13,55,24.523506916744342,0.9734704880327836,19.598523386833126,Bootstrap09
none,13,55,29.364993225211684,0.9677603393298752,22.608511429252076,Bootstrap10
none,14,56,26.839090228967446,0.9641943982903902,22.524218448422793,Bootstrap01
none,14,56,32.89730363786926,0.9555655654205801,28.271702647293957,Bootstrap02
none,14,56,31.2598698271021,0.9639800862573692,26.0892488591101,Bootstrap03
none,14,56,28.932843236675616,0.9768920850701152,24.508116679739167,Bootstrap04
none,14,56,27.55055618802613,0.9617093466282742,21.568169635254076,Bootstrap05
none,14,56,25.925577273382082,0.962558599015959,21.860104416047463,Bootstrap06
none,14,56,32.399943665500295,0.9714306934847483,25.173622744156457,Bootstrap07
none,14,56,27.426235260647626,0.9771353245585978,22.819895598098693,Bootstrap08
none,14,56,30.97259090126064,0.9684107076027847,23.332341478372634,Bootstrap09
none,14,56,26.382558975335325,0.9548122277460923,21.839653279222848,Bootstrap10
none,15,57,24.208475176051,0.9573180168056745,19.53117774011653,Bootstrap01
none,15,57,29.170733684483874,0.9780721404102655,24.095751862622436,Bootstrap02
none,15,57,26.95803311194075,0.9754033479974216,21.909345475996904,Bootstrap03
none,15,57,27.62996782165036,0.9542802821739351,22.700159909645457,Bootstrap04
none,15,57,24.717923748225207,0.979553199598518,19.84151934358279,Bootstrap05
none,15,57,34.85645718535514,0.9564431418429715,29.20337368538018,Bootstrap06
none,15,57,27.500398157646384,0.9727394527539323,22.226789570172993,Bootstrap07
none,15,57,29.21738537702954,0.9637851455145617,23.417048680080615,Bootstrap08
none,15,57,26.68113661280385,0.9686456552245372,22.361734674408734,Bootstrap09
none,15,57,24.525798504481312,0.976936443727658,19.57302373175322,Bootstrap10
none,16,58,30.96486557688808,0.9690713893722126,25.131386285647835,Bootstrap01
none,16,58,28.995037823151957,0.9631738968257351,23.410341262255187,Bootstrap02
none,16,58,25.024848383593664,0.960034164973212,21.604292971824794,Bootstrap03
none,16,58,23.619345211159356,0.9733647485088536,18.680314736483624,Bootstrap04
none,16,58,25.517405151723054,0.9714845562754636,21.65444992350408,Bootstrap05
none,16,58,24.759966601649147,0.9754099078509076,20.44982311203879,Bootstrap06
none,16,58,31.921544186741006,0.9656585089312871,25.41223823099087,Bootstrap07
none,16,58,26.632891813705463,0.9616678206104167,22.36561003850359,Bootstrap08
none,16,58,28.498043008190926,0.973042206589518,21.63104718114824,Bootstrap09
none,16,58,29.76634251666041,0.9761074221325187,23.764662738102555,Bootstrap10
none,17,59,26.305526263528595,0.9675321848796371,20.9902619267757,Bootstrap01
none,17,59,28.160019673856343,0.9624705077331814,21.858699353671884,Bootstrap02
none,17,59,23.789094169001697,0.9759437598708537,18.47812123090328,Bootstrap03
none,17,59,31.71195016049234,0.9599334839775627,25.19861630342325,Bootstrap04
none,17,59,26.363275033010964,0.967429357920043,21.216699221069348,Bootstrap05
none,17,59,28.736654464724438,0.9637403927311528,22.81756146024666,Bootstrap06
none,17,59,26.386055027677518,0.9697223546968312,21.325870823875434,Bootstrap07
none,17,59,28.942364299614745,0.9678271887613596,22.86509743940096,Bootstrap08
none,17,59,26.70040832857317,0.9662853253267819,21.974863144534243,Bootstrap09
none,17,59,24.05368063111048,0.969549811725745,19.71693258083043,Bootstrap10
none,18,60,28.33574471644496,0.965500675493384,22.13041764751227,Bootstrap01
none,18,60,29.23767904287982,0.9723383108946444,23.81141405039764,Bootstrap02
none,18,60,22.978761756411984,0.9755278454130234,19.22798338220855,Bootstrap03
none,18,60,26.90147885276812,0.9703631348565882,22.502681352476902,Bootstrap04
none,18,60,29.811565849676995,0.9748343648185424,22.931671203229403,Bootstrap05
none,18,60,24.28670927161737,0.9776597914384648,20.04307387595816,Bootstrap06
none,18,60,25.671195469744344,0.9777055860484942,21.278091706146373,Bootstrap07
none,18,60,26.030140741566782,0.9682885792213872,21.095894464592575,Bootstrap08
none,18,60,28.463742083745196,0.9707106546735587,24.13070632525558,Bootstrap09
none,18,60,24.20865754612979,0.9766625103522248,19.405103302277745,Bootstrap10
none,19,61,28.421059623046332,0.9685355188388503,23.726743592545837,Bootstrap01
none,19,61,28.4712285470686,0.9675772024567308,23.62177407035768,Bootstrap02
none,19,61,25.115657033692163,0.9726843948994464,21.277639962530948,Bootstrap03
none,19,61,26.94285385430807,0.9672692300256184,21.05543973830082,Bootstrap04
none,19,61,26.81808685967516,0.9676604416843776,22.455716697718834,Bootstrap05
none,19,61,23.46487597592396,0.9696879699419114,19.120046604938572,Bootstrap06
none,19,61,27.359864677243927,0.9708913593083314,21.090344944633447,Bootstrap07
none,19,61,32.40003271221728,0.9702941584981701,26.451644441493013,Bootstrap08
none,19,61,27.086561729628034,0.9559140733826036,22.684852211287136,Bootstrap09
none,19,61,28.6586995556861,0.964957019965611,23.00918869499691,Bootstrap10
none,20,62,29.795507323079637,0.9613198019042475,25.84447299828469,Bootstrap01
none,20,62,25.67444853436291,0.973793234452045,21.98745870744575,Bootstrap02
none,20,62,25.965080344221953,0.9789096350375972,20.785335338484625,Bootstrap03
none,20,62,27.42801212009569,0.9668307538499653,21.900056532514625,Bootstrap04
none,20,62,26.186845728221524,0.9751233192977654,19.41729209254607,Bootstrap05
none,20,62,26.271864558367547,0.9716696527145426,22.45496318259001,Bootstrap06
none,20,62,26.77089848989851,0.9627737654736946,22.321770347503577,Bootstrap07
none,20,62,27.149930614976785,0.9819720584530429,21.044226525839026,Bootstrap08
none,20,62,28.38581185297035,0.9664208485558853,23.48095058235667,Bootstrap09
none,20,62,31.560919969682814,0.9480406690909917,25.654825372437315,Bootstrap10
none,21,63,26.34130115556131,0.9688945006439189,20.984432473005775,Bootstrap01
none,21,63,31.019441087009618,0.9606816154561911,25.612350026433425,Bootstrap02
none,21,63,32.85251682295188,0.9355830355910566,27.733527150690218,Bootstrap03
none,21,63,27.21113630549669,0.9720133976602517,20.476943472237288,Bootstrap04
none,21,63,27.02376476333064,0.9604103277915275,22.130860244480925,Bootstrap05
none,21,63,22.444060581827756,0.9739249373636993,18.853368385593246,Bootstrap06
none,21,63,23.88435660781575,0.9768135678858775,19.29653859553412,Bootstrap07
none,21,63,28.946049355949725,0.9569621557028894,24.60214999234566,Bootstrap08
none,21,63,27.660487114172174,0.9693787214507994,23.328380122811904,Bootstrap09
none,21,63,26.938835491133393,0.9640519918376135,21.22940289535213,Bootstrap10
none,22,64,30.3541229273161,0.9651160173991802,25.61301495676184,Bootstrap01
none,22,64,23.865150799075778,0.9723140632654811,19.38273318709064,Bootstrap02
none,22,64,24.732964743541686,0.9724745266251996,19.956491138668543,Bootstrap03
none,22,64,27.269163026880033,0.9673762023858652,22.66738280025349,Bootstrap04
none,22,64,26.40002195888098,0.9639910671507811,22.295174281428064,Bootstrap05
none,22,64,33.104951322303634,0.9508155508758317,26.330665593472894,Bootstrap06
none,22,64,31.45533768780469,0.9658658339934606,25.65603660391421,Bootstrap07
none,22,64,26.85236147876083,0.9679435009153854,20.626591587998426,Bootstrap08
none,22,64,33.5169318018785,0.9592227664624788,27.410883767535076,Bootstrap09
none,22,64,30.93610144860187,0.9608409425181691,25.744621357360923,Bootstrap10
none,23,65,26.028162551186984,0.9711568441249786,20.96600817954872,Bootstrap01
none,23,65,27.37365497788322,0.9664092816609777,23.03814737995023,Bootstrap02
none,23,65,31.153939556509496,0.9657473049923243,26.31267307584477,Bootstrap03
none,23,65,27.184305461811515,0.9672558833906524,20.561489695889495,Bootstrap04
none,23,65,27.786487137636282,0.9660561657846937,22.53775947781676,Bootstrap05
none,23,65,32.297591582106904,0.9652238405068947,24.32614382245491,Bootstrap06
none,23,65,28.933989065669103,0.9631500914376576,24.281396824466622,Bootstrap07
none,23,65,30.490290745917473,0.963867483131095,25.003716216083816,Bootstrap08
none,23,65,28.017457195003196,0.9599759418722614,23.67383025388968,Bootstrap09
none,23,65,28.392219471723337,0.9697372108796416,23.550122482758667,Bootstrap10
none,24,66,28.484511115460123,0.9719885900277421,21.64709416371382,Bootstrap01
none,24,66,26.950587223249137,0.969476695266745,22.044894656072763,Bootstrap02
none,24,66,26.874135496771228,0.9757600269074193,21.439131982491453,Bootstrap03
none,24,66,33.10930943164428,0.9631512384634949,26.81216022223193,Bootstrap04
none,24,66,26.704302094862065,0.9698880197109273,20.2404504558484,Bootstrap05
none,24,66,27.279268390756787,0.9727719469671234,22.496198336069693,Bootstrap06
none,24,66,37.71950073326238,0.9521119692062416,31.25549907193298,Bootstrap07
none,24,66,27.78983640941157,0.9682429059271116,21.057056292698388,Bootstrap08
none,24,66,28.774082269746632,0.9694358355004397,23.063937601488306,Bootstrap09
none,24,66,30.45037941751994,0.9746511024271365,24.289718944934297,Bootstrap10
none,25,67,29.046007592748683,0.956452107111591,21.881587057530204,Bootstrap01
none,25,67,35.17894423289316,0.9469311750539894,26.947185569547567,Bootstrap02
none,25,67,27.08457862430364,0.9752123121293677,22.10809842809474,Bootstrap03
none,25,67,32.01879155654306,0.9621706780855966,27.671936553942647,Bootstrap04
none,25,67,28.25040785668622,0.9678245244329685,22.90824756317493,Bootstrap05
none,25,67,26.59918112444607,0.9647573573056137,21.53620757387609,Bootstrap06
none,25,67,24.47479730259507,0.9691036592841162,19.139480655804277,Bootstrap07
none,25,67,27.425124078487872,0.970211006743946,22.37524101703137,Bootstrap08
none,25,67,23.61834673378921,0.978766699025504,18.07551857068324,Bootstrap09
none,25,67,23.1654441825978,0.9764551266869679,19.130647277341186,Bootstrap10
none,26,68,26.676009021717743,0.97412672366367,21.601269102523815,Bootstrap01
none,26,68,24.890726871617193,0.9796468567324929,21.15813489590765,Bootstrap02
none,26,68,27.77750448283092,0.9710916683759786,21.829044447665538,Bootstrap03
none,26,68,26.081528786734047,0.9626868230167617,21.16891081501834,Bootstrap04
none,26,68,25.450558325012306,0.9716582418339909,20.630577892321224,Bootstrap05
none,26,68,29.99258356303578,0.9581471180173233,25.0848138527367,Bootstrap06
none,26,68,31.661902680011707,0.9538540693146161,25.721153662112375,Bootstrap07
none,26,68,26.25708667666165,0.970639339882277,19.75692944581597,Bootstrap08
none,26,68,25.107767931993788,0.9805670156908948,20.15216727616511,Bootstrap09
none,26,68,22.59575358827319,0.970964322067437,17.55656578338583,Bootstrap10
none,27,69,30.537616358587,0.9544893396178268,25.309512584630635,Bootstrap01
none,27,69,24.344888268951866,0.9680707995301554,20.56197787377671,Bootstrap02
none,27,69,27.53080571173516,0.9776424520726048,20.49991440898042,Bootstrap03
none,27,69,27.51503057973056,0.9567929544771802,22.01042384169956,Bootstrap04
none,27,69,29.170317681203198,0.9759826790768148,21.1572296949066,Bootstrap05
none,27,69,29.147694242067846,0.9539359640010042,22.80030966815945,Bootstrap06
none,27,69,29.629915267442442,0.954172853970017,24.388256490004732,Bootstrap07
none,27,69,35.21069166100148,0.9603675008641853,28.664212782721233,Bootstrap08
none,27,69,25.576366014234477,0.9738113659043253,22.041222237881733,Bootstrap09
none,27,69,28.654836294551796,0.9618290692880532,22.536565970966834,Bootstrap10
none,28,70,27.05822359963761,0.9720058300401052,21.72915686160358,Bootstrap01
none,28,70,28.336596143214944,0.9614673304526022,23.74063398920479,Bootstrap02
none,28,70,28.436118820604495,0.9711945411874789,22.791505220892017,Bootstrap03
none,28,70,21.58319079441231,0.984291969976447,17.25038732742125,Bootstrap04
none,28,70,34.240378898359516,0.9709337545179397,27.704600822395083,Bootstrap05
none,28,70,30.49049258053371,0.9644641139478937,25.92675740757656,Bootstrap06
none,28,70,32.54809406231273,0.9526194682479049,28.11416094475635,Bootstrap07
none,28,70,27.35425648474806,0.9687644980019285,22.982202596118405,Bootstrap08
none,28,70,31.42653813151577,0.9704285941589379,25.464763954949163,Bootstrap09
none,28,70,26.180697013022534,0.9702106606584511,21.34070782347129,Bootstrap10
none,29,71,28.338069524350036,0.9669566433619649,23.796781874335966,Bootstrap01
none,29,71,25.672352650443933,0.9627443371814867,21.43618634320316,Bootstrap02
none,29,71,24.494459109582294,0.9606373308838777,20.226233989477482,Bootstrap03
none,29,71,31.112116127453145,0.9540171914867868,24.956036253378787,Bootstrap04
none,29,71,22.88951379598972,0.9796616587086655,18.357624738988555,Bootstrap05
none,29,71,30.66017477854165,0.9734596142436205,25.086430206625554,Bootstrap06
none,29,71,28.24994481949087,0.9648333845348318,22.58925942265021,Bootstrap07
none,29,71,23.108080899119603,0.9685834463459121,19.864156564502096,Bootstrap08
none,29,71,23.911130627534682,0.9789694342778481,19.35756908440443,Bootstrap09
none,29,71,27.152414599168555,0.9705802087754838,21.96561772627224,Bootstrap10
none,30,72,27.199733412997574,0.9801505623767067,21.408213403327554,Bootstrap01
none,30,72,24.967686403511564,0.977013237086941,19.904266017054113,Bootstrap02
none,30,72,25.321206265642154,0.9705198996224026,21.235251702472617,Bootstrap03
none,30,72,27.91208035764902,0.9565283646392427,23.8817390797599,Bootstrap04
none,30,72,25.025523817173674,0.9729458826139956,21.05240745204129,Bootstrap05
none,30,72,28.090664731895522,0.9715096913541748,22.88049245642479,Bootstrap06
none,30,72,26.803322788540893,0.9739315309090234,22.4934724418866,Bootstrap07
none,30,72,26.96570929039527,0.9630348400109506,22.852344405101878,Bootstrap08
none,30,72,33.59879995347691,0.9633318064999224,27.974285179931947,Bootstrap09
none,30,72,27.881129692830115,0.9762219997453234,21.45370246073893,Bootstrap10
none,31,73,28.91201729583828,0.9695026717179561,23.46714013081533,Bootstrap01
none,31,73,26.447635380088922,0.9667462498524948,20.296780057447815,Bootstrap02
none,31,73,27.142030706797257,0.9644204719957359,21.81624176900189,Bootstrap03
none,31,73,20.801773784965416,0.981266577052634,17.757936766824752,Bootstrap04
none,31,73,27.844654344522024,0.9715371811511595,23.380305714211158,Bootstrap05
none,31,73,24.105056301617573,0.9688385478445943,18.085828868725567,Bootstrap06
none,31,73,27.92494525924977,0.9757590098477699,23.32926621832753,Bootstrap07
none,31,73,29.75028277273397,0.9624674050752383,25.31805094321021,Bootstrap08
none,31,73,24.82750440648337,0.9703466232364983,19.670510082295376,Bootstrap09
none,31,73,26.424291480657505,0.9634018315000106,21.60437032963229,Bootstrap10
none,32,74,31.129216349815007,0.956554066493053,26.07285222736895,Bootstrap01
none,32,74,27.67859804202968,0.9681394835284545,22.367756694435542,Bootstrap02
none,32,74,24.16090526248296,0.9708512124539896,19.451244896615616,Bootstrap03
none,32,74,27.536127481873756,0.9646861227772671,23.743320861014485,Bootstrap04
none,32,74,26.45074678777995,0.9597100538316645,22.466582961085678,Bootstrap05
none,32,74,26.770967572550667,0.9662135088575687,21.29054638641507,Bootstrap06
none,32,74,25.927281445181332,0.9637004237958726,21.3630385134993,Bootstrap07
none,32,74,28.234028977251352,0.9654046588653817,22.415485706893268,Bootstrap08
none,32,74,27.51758716261818,0.9733313799619763,22.193604660664167,Bootstrap09
none,32,74,27.55336694194785,0.9694131768889569,22.559649274357454,Bootstrap10
none,33,75,26.52646494116299,0.9585994292438456,20.562693974372426,Bootstrap01
none,33,75,27.137729103810486,0.9714210058186046,21.901924671187444,Bootstrap02
none,33,75,24.716412303051698,0.9739660020750465,20.022389569663552,Bootstrap03
none,33,75,27.194411337663148,0.9750904628928667,21.696511874005093,Bootstrap04
none,33,75,25.663293857724767,0.9636330800269867,20.621819591179808,Bootstrap05
none,33,75,30.0303149886783,0.9527638180949313,24.909906196504277,Bootstrap06
none,33,75,22.862209599351623,0.9802604347269509,18.88101898752651,Bootstrap07
none,33,75,28.085891993304184,0.9457018597739946,22.75964267511681,Bootstrap08
none,33,75,28.29746818395191,0.9740448729126372,22.666882063435892,Bootstrap09
none,33,75,28.636372358261433,0.9577187384234006,23.869705079847083,Bootstrap10
none,34,76,25.983504797583088,0.9766560088165381,20.333049787428948,Bootstrap01
none,34,76,25.012023991293844,0.9750725006579469,18.960309562578914,Bootstrap02
none,34,76,28.53180122248593,0.9492460663395325,24.0040337037555,Bootstrap03
none,34,76,33.60884582479355,0.9593357742060681,26.451331134461135,Bootstrap04
none,34,76,33.7058509492225,0.9587274209056987,26.420831058161372,Bootstrap05
none,34,76,26.62443982816913,0.9777737560206397,21.989881440789187,Bootstrap06
none,34,76,31.065703631723316,0.9613423403379058,25.40857843671609,Bootstrap07
none,34,76,25.935053011118004,0.9675800940772591,20.28477557491994,Bootstrap08
none,34,76,25.633354365268552,0.9734630032196258,20.188761194729363,Bootstrap09
none,34,76,24.595937138434127,0.9698933369243058,19.694438363570256,Bootstrap10
none,35,77,24.363704112000576,0.9685582563068298,20.29660632772491,Bootstrap01
none,35,77,25.171385415294964,0.9775002966311234,20.76494301948769,Bootstrap02
none,35,77,30.501970640797264,0.9538397485179986,24.173004413073624,Bootstrap03
none,35,77,26.51007896542781,0.9621239652618299,22.792669894324664,Bootstrap04
none,35,77,28.116038588189774,0.9685203262265604,22.456922299759068,Bootstrap05
none,35,77,28.634112404345114,0.9694819641695007,23.474997976854425,Bootstrap06
none,35,77,27.16991920795454,0.9605785385777208,22.39154485444914,Bootstrap07
none,35,77,25.663404234496802,0.9557020229503784,21.417037050151336,Bootstrap08
none,35,77,26.622385642338912,0.9611387871068857,22.209706370877385,Bootstrap09
none,35,77,28.189195756621654,0.9529008994400537,21.43319869692497,Bootstrap10
none,36,78,26.529611657673673,0.972738328951008,21.361574393555408,Bootstrap01
none,36,78,24.82020000417361,0.9764349359835995,20.349384473597084,Bootstrap02
none,36,78,30.422563310129263,0.97657003720943,24.440223596870034,Bootstrap03
none,36,78,25.66324950972369,0.9584925852179085,21.077425398407765,Bootstrap04
none,36,78,27.603198983414117,0.9678103959716841,22.368171870515408,Bootstrap05
none,36,78,21.521422620854626,0.9781425585294813,18.46863139662044,Bootstrap06
none,36,78,39.06525877846726,0.9716204698338974,32.356923075823296,Bootstrap07
none,36,78,30.593933164806792,0.9764557157436257,25.453976879085666,Bootstrap08
none,36,78,27.550161602069036,0.9688534960841464,22.528632617599868,Bootstrap09
none,36,78,30.948372034729644,0.9573722359024477,25.57210714699673,Bootstrap10
none,37,79,32.34882772060204,0.9641209492032755,26.837705190678964,Bootstrap01
none,37,79,24.8958363096098,0.9773459927296663,21.603883496585713,Bootstrap02
none,37,79,28.84528387102345,0.9678636798280743,24.13199549652067,Bootstrap03
none,37,79,24.12547373412599,0.9707845318091758,18.435864642874904,Bootstrap04
none,37,79,25.167469885599164,0.971287170368047,21.241352168465443,Bootstrap05
none,37,79,24.02164770775434,0.9778900264253544,19.631413913435832,Bootstrap06
none,37,79,38.165501714569295,0.9310838890998473,32.36478582378135,Bootstrap07
none,37,79,29.053595325253692,0.9674224751050228,23.062881970058818,Bootstrap08
none,37,79,28.459238415239774,0.9619942918224376,24.029907446088,Bootstrap09
none,37,79,25.799865536881104,0.979008057953439,20.385528181498916,Bootstrap10
none,38,80,25.471619509033857,0.9637070380580631,21.488427685094997,Bootstrap01
none,38,80,26.2209963565049,0.9748181513698382,22.144287768100988,Bootstrap02
none,38,80,23.13410380157886,0.9732655503286987,19.802081202704702,Bootstrap03
none,38,80,27.232523072824453,0.9497499854300837,22.48816086899243,Bootstrap04
none,38,80,31.042123508065867,0.9733540141604645,23.803008807078726,Bootstrap05
none,38,80,25.55708167377589,0.9797148168941165,20.08056936405119,Bootstrap06
none,38,80,28.72358647727931,0.9599249686507866,23.52371081897019,Bootstrap07
none,38,80,23.970029693962825,0.97682902680136,19.79014289191825,Bootstrap08
none,38,80,31.168114765699567,0.9631791777432716,26.317193815373496,Bootstrap09
none,38,80,23.052767723846486,0.9778634497427419,18.675373305043987,Bootstrap10
none,39,81,28.89874112692934,0.9687306537828023,23.218846813465625,Bootstrap01
none,39,81,24.905063360103743,0.9752391064936274,19.72987187539283,Bootstrap02
none,39,81,27.832589854538384,0.9752380272219339,22.42283978733559,Bootstrap03
none,39,81,26.512447175048187,0.9721646717423151,22.526274454528295,Bootstrap04
none,39,81,28.376907300864588,0.9595642822282624,23.805813469416268,Bootstrap05
none,39,81,28.139243317523697,0.9718281329671131,22.67868068351421,Bootstrap06
none,39,81,25.856406488501705,0.9741712791000963,20.30847461854215,Bootstrap07
none,39,81,32.32980328165205,0.9597873363169918,27.073564439410895,Bootstrap08
none,39,81,26.430443358846997,0.9576010210240437,21.72160241942315,Bootstrap09
none,39,81,24.59735542234796,0.9702079653456329,20.22807915005844,Bootstrap10
none,40,82,28.08936801136662,0.969971495349859,23.663134402638978,Bootstrap01
none,40,82,24.267005937431062,0.9763094467400905,20.558952006435614,Bootstrap02
none,40,82,34.13686785285684,0.959268530263252,26.87152440922047,Bootstrap03
none,40,82,27.155093916912346,0.9777097128803504,23.049799271925817,Bootstrap04
none,40,82,30.722919455966345,0.9636092359141732,23.132338567641213,Bootstrap05
none,40,82,27.0009914984004,0.9698399381377274,21.762473243294803,Bootstrap06
none,40,82,30.06352216691345,0.9591420235151669,25.35448312080415,Bootstrap07
none,40,82,26.686917095242848,0.9609204949788965,21.82391681567723,Bootstrap08
none,40,82,30.29434850548037,0.9613448158184277,24.755247200091905,Bootstrap09
none,40,82,25.526383005584574,0.9797662532003454,19.178846207290828,Bootstrap10
none,41,83,29.61152693155699,0.9563301573728689,24.03875389902819,Bootstrap01
none,41,83,37.69788051340094,0.9490163738096611,30.478172919405754,Bootstrap02
none,41,83,27.25236393477088,0.9756939436633438,22.008710397068693,Bootstrap03
none,41,83,28.783205968764833,0.9590956380071146,23.950124259767197,Bootstrap04
none,41,83,27.475343803068633,0.969470843944722,22.003134440791563,Bootstrap05
none,41,83,33.53421374739123,0.9350100088452875,28.668986456730646,Bootstrap06
none,41,83,28.36296484524195,0.9692861317393099,22.163122072834298,Bootstrap07
none,41,83,24.57574084287017,0.9692718139518894,19.955799617317272,Bootstrap08
none,41,83,25.510978276092803,0.9771466642606339,20.922075732156404,Bootstrap09
none,41,83,27.04837300563663,0.9708602111989334,20.390389580769767,Bootstrap10
none,42,84,27.612820889316392,0.9511995772410331,23.652237266092033,Bootstrap01
none,42,84,29.094390824757678,0.9530877374335568,24.68047842493097,Bootstrap02
none,42,84,25.034208786946884,0.9691408067959566,19.054780541032095,Bootstrap03
none,42,84,27.196565708505762,0.968361380408707,22.212196572729418,Bootstrap04
none,42,84,25.89345712519828,0.9585132354982625,22.08553249181593,Bootstrap05
none,42,84,28.8351754821914,0.964502134467987,21.74281587546432,Bootstrap06
none,42,84,30.056585592048144,0.9678345888057273,21.609501772163643,Bootstrap07
none,42,84,26.25001584847514,0.9704103660579988,22.131079833667105,Bootstrap08
none,42,84,22.088374460550675,0.9715593678470141,18.091007166395663,Bootstrap09
none,42,84,24.386227331745022,0.9718199034135877,20.41637184892656,Bootstrap10
none,43,85,26.634563758536423,0.9736416549610419,22.150938407594165,Bootstrap01
none,43,85,20.98578836355138,0.9720479067984341,17.30849994549681,Bootstrap02
none,43,85,33.11792935539523,0.9562590416808189,28.02151396466276,Bootstrap03
none,43,85,29.320041184570595,0.9504669619952285,24.26940479849248,Bootstrap04
none,43,85,32.787247573517156,0.9609372648152508,25.477244454808382,Bootstrap05
none,43,85,30.46956870232103,0.969643923528686,24.09625964778334,Bootstrap06
none,43,85,29.645873496918735,0.9596543023357776,24.274469225444683,Bootstrap07
none,43,85,26.411272798575634,0.9720932267385026,20.85191309745641,Bootstrap08
none,43,85,26.637351356192077,0.9689960625316731,20.399389177533457,Bootstrap09
none,43,85,25.02674669786229,0.9758961925511701,19.362604328738218,Bootstrap10
none,44,86,31.796861448070697,0.9689049055782625,26.838383738793116,Bootstrap01
none,44,86,26.29148950352377,0.9745184540148556,21.053505686970823,Bootstrap02
none,44,86,26.335479330237213,0.9782211218681058,20.217689848587387,Bootstrap03
none,44,86,24.405419706427352,0.9737176030128507,20.195933767956493,Bootstrap04
none,44,86,32.18804598269306,0.9459152581564423,26.244847605270056,Bootstrap05
none,44,86,23.221078996000333,0.9777564947915885,18.116926600989014,Bootstrap06
none,44,86,26.747879408750954,0.9515900290731447,20.64439266923109,Bootstrap07
none,44,86,28.185004708894255,0.9613321157089357,24.506243016652707,Bootstrap08
none,44,86,24.062082420567926,0.973062345048197,19.655698000915674,Bootstrap09
none,44,86,32.06753958877101,0.954548677350899,24.628792373583845,Bootstrap10
none,45,87,27.79259642940054,0.9648976135943469,22.40641575714403,Bootstrap01
none,45,87,26.919490433291383,0.9725626812545788,20.485439857227153,Bootstrap02
none,45,87,29.07736506137288,0.9687843210492842,24.4227899063175,Bootstrap03
none,45,87,23.579519204346642,0.9767175456657314,19.636151944579883,Bootstrap04
none,45,87,31.29520413536536,0.9634940039404267,25.931980290345617,Bootstrap05
none,45,87,31.46726485513004,0.9508274654330608,25.433371709597928,Bootstrap06
none,45,87,25.755425698286654,0.9756241085841945,20.946614013647675,Bootstrap07
none,45,87,25.786590195080343,0.9735515293884347,19.941148533699337,Bootstrap08
none,45,87,28.98447678304633,0.9720260261865493,23.600711011245785,Bootstrap09
none,45,87,27.892945078517414,0.9666480124875879,21.889273548515433,Bootstrap10
none,46,88,21.577284422531232,0.9785034986864699,17.69841466424779,Bootstrap01
none,46,88,23.532939777662786,0.9769863697021877,20.859744191619786,Bootstrap02
none,46,88,27.761872642917343,0.9565362212219319,21.56251790861614,Bootstrap03
none,46,88,29.843824024837392,0.950063803557781,25.012713641469,Bootstrap04
none,46,88,26.951373551363083,0.9725835425321617,20.975604526886944,Bootstrap05
none,46,88,27.899439419877776,0.9721907567633288,23.71789946790078,Bootstrap06
none,46,88,25.62440065988441,0.9757586269346564,19.795525409654168,Bootstrap07
none,46,88,27.050453843857323,0.9666976815585301,23.375620862815992,Bootstrap08
none,46,88,26.7475096319973,0.9732466070043978,21.895375526515352,Bootstrap09
none,46,88,26.780233496649824,0.9714986946054596,21.339396169369657,Bootstrap10
none,47,89,30.290568487771193,0.9614237845071721,25.099460609393883,Bootstrap01
none,47,89,23.93793780336585,0.9701578842555169,19.388033824368975,Bootstrap02
none,47,89,27.51856449974651,0.971177880685134,22.46910144907571,Bootstrap03
none,47,89,25.71904762082469,0.972404186192132,22.19847353989086,Bootstrap04
none,47,89,25.875341197923788,0.9709666567621473,21.337558514339126,Bootstrap05
none,47,89,28.42246179922286,0.9605931487160321,22.54163531006975,Bootstrap06
none,47,89,28.94471303438039,0.9522302308570824,22.34951085748881,Bootstrap07
none,47,89,25.167173051650963,0.9738214322352382,21.820910852620614,Bootstrap08
none,47,89,27.658931848359348,0.9656410098302808,22.44640427774298,Bootstrap09
none,47,89,27.31263020335934,0.9745975604472807,21.434307570166585,Bootstrap10
none,48,90,30.08961911747619,0.9634192038369023,23.668142840736895,Bootstrap01
none,48,90,26.410607331428285,0.9708434487942388,20.748010677301107,Bootstrap02
none,48,90,28.198298350886354,0.9634870956325153,22.28576368292274,Bootstrap03
none,48,90,25.631667290493596,0.9681315385889597,20.959035283202653,Bootstrap04
none,48,90,25.846268080976945,0.9719475914447493,19.931912951245877,Bootstrap05
none,48,90,30.653815921039406,0.9599997795674854,24.488651235278642,Bootstrap06
none,48,90,25.930274721031473,0.9657315388330403,21.419434929985787,Bootstrap07
none,48,90,24.99445576350266,0.979178875826537,19.207140134936818,Bootstrap08
none,48,90,26.37628435384173,0.9778001626361132,21.02133374766068,Bootstrap09
none,48,90,37.05989102291778,0.9649284620414632,30.439570743393116,Bootstrap10
none,49,91,26.1813406322139,0.9750404324041448,21.747181913835,Bootstrap01
none,49,91,31.290845337575725,0.9556185797748381,25.91526185285117,Bootstrap02
none,49,91,31.38395592099217,0.9528738035057926,25.120483616384032,Bootstrap03
none,49,91,25.208057881003647,0.9790316125812814,20.1723551415382,Bootstrap04
none,49,91,30.37636478220733,0.9653509306317172,24.010733892997763,Bootstrap05
none,49,91,27.533502167759696,0.9672701046466116,23.02093558343866,Bootstrap06
none,49,91,29.50664546374427,0.9485739586620364,24.591681466901967,Bootstrap07
none,49,91,24.792389467297014,0.9775536578626755,20.196892255855758,Bootstrap08
none,49,91,23.996924601269818,0.9819695156141459,19.15418299095698,Bootstrap09
none,49,91,26.1059365563453,0.9811356160262708,19.10296735386876,Bootstrap10
none,50,92,28.632822881395935,0.9757128869432424,22.751738394158238,Bootstrap01
none,50,92,31.766398599701773,0.9699945458606026,26.02253598300159,Bootstrap02
none,50,92,28.55275818684343,0.9661088984986388,22.823258888586423,Bootstrap03
none,50,92,30.588810450506635,0.9700413650635876,25.450895258142587,Bootstrap04
none,50,92,22.16871383264941,0.9807047994775024,18.166147572694562,Bootstrap05
none,50,92,24.522255923952574,0.9635701669933582,19.390614864052353,Bootstrap06
none,50,92,27.605806142943127,0.9706755554150432,23.42407902452464,Bootstrap07
none,50,92,23.552086768366312,0.9757278632199589,20.20605990804117,Bootstrap08
none,50,92,29.169574461355644,0.958581658404453,24.083280932883877,Bootstrap09
none,50,92,29.1494122559654,0.9578305638384148,23.397696557963737,Bootstrap10
none,51,93,29.510740022757172,0.9720481937175379,23.94489012728357,Bootstrap01
none,51,93,31.76056689369536,0.9724995555950758,27.075277519855483,Bootstrap02
none,51,93,29.258497152476586,0.9644913670456987,24.128593377749993,Bootstrap03
none,51,93,30.276199969295362,0.9433880557359662,24.683175099980936,Bootstrap04
none,51,93,27.525022137338407,0.9751740009758703,23.1968674285368,Bootstrap05
none,51,93,27.557879639039534,0.9613315824807369,21.632429593788387,Bootstrap06
none,51,93,31.29231613873352,0.9546339024244813,25.883605954205358,Bootstrap07
none,51,93,24.846744995407377,0.9663462130260854,22.121723388087126,Bootstrap08
none,51,93,32.819303052702864,0.9575913377609616,28.34135412829913,Bootstrap09
none,51,93,24.229171770353386,0.9796977309443275,18.64984107319056,Bootstrap10
none,52,94,23.472735069830037,0.9790682637791731,18.787464994891323,Bootstrap01
none,52,94,27.01687679807266,0.95393509888907,22.03408350871564,Bootstrap02
none,52,94,28.255275949613857,0.9636222704307497,22.884555861593753,Bootstrap03
none,52,94,30.60156178739594,0.9720411767409086,22.99225003348287,Bootstrap04
none,52,94,27.629732905111,0.9695973441495034,22.098343536388526,Bootstrap05
none,52,94,21.265640407664826,0.9791354538499712,16.882679051661277,Bootstrap06
none,52,94,27.79598995321606,0.9700226163958409,21.990310388290904,Bootstrap07
none,52,94,28.79359283918208,0.971531347679563,23.576646923157774,Bootstrap08
none,52,94,29.71182271216213,0.9679902827371288,25.672004392705563,Bootstrap09
none,52,94,24.554253810797217,0.9788507455254909,20.831072124214316,Bootstrap10
none,53,95,31.692796048729768,0.9514292365906689,25.620377688379143,Bootstrap01
none,53,95,28.964568328684734,0.970576684475108,24.230071098042277,Bootstrap02
none,53,95,31.372750844425767,0.9499033548687821,23.84515494904631,Bootstrap03
none,53,95,32.0594015889563,0.9443890072121061,27.704744758389477,Bootstrap04
none,53,95,26.29744520873258,0.9691929366955095,21.275095242482,Bootstrap05
none,53,95,29.297878714888196,0.9672173785351119,21.98783171101026,Bootstrap06
none,53,95,24.953290299344598,0.980434844765642,21.17671359854888,Bootstrap07
none,53,95,25.554171846830247,0.9569070458985591,21.810377661339604,Bootstrap08
none,53,95,31.668348605997124,0.9804792350930922,22.191038073611587,Bootstrap09
none,53,95,27.25644706344516,0.9654262631341646,21.251071407961273,Bootstrap10
none,54,96,25.089906940502882,0.9799550230282166,19.757484853490574,Bootstrap01
none,54,96,23.52690283569905,0.9772071606583268,18.355322241544357,Bootstrap02
none,54,96,26.090724012426197,0.9716557985042985,21.773324321235794,Bootstrap03
none,54,96,27.31995053641693,0.9829331256332626,21.83283282606799,Bootstrap04
none,54,96,30.941396734720623,0.9713858732293779,23.790489378050168,Bootstrap05
none,54,96,30.15795346285975,0.9712988808547728,25.13862891627345,Bootstrap06
none,54,96,30.3082320928684,0.9635504126773492,24.946273054194695,Bootstrap07
none,54,96,25.437089192797327,0.9750115697212212,19.945854580882965,Bootstrap08
none,54,96,27.56528405990208,0.9612883560229639,22.91674043067109,Bootstrap09
none,54,96,25.667606974033188,0.9718169018773514,20.32505995599283,Bootstrap10
none,55,97,28.8219407375177,0.9724002326252291,22.809295530735625,Bootstrap01
none,55,97,28.714436876131657,0.9669052942200714,24.19911578404843,Bootstrap02
none,55,97,30.197832319533557,0.9510943833107004,24.20406036708509,Bootstrap03
none,55,97,29.81054824980267,0.9680005580622854,23.51154996474794,Bootstrap04
none,55,97,27.70703153909247,0.9550988624658303,22.732140866566585,Bootstrap05
none,55,97,32.76294912714713,0.9696107342256522,26.527545050606548,Bootstrap06
none,55,97,27.588398779656128,0.9708105863719355,22.602076556100247,Bootstrap07
none,55,97,27.296680569023565,0.9699804838307631,22.702486868658102,Bootstrap08
none,55,97,28.42094337600635,0.975558453757795,23.71231284836205,Bootstrap09
none,55,97,30.919786521195913,0.9598177030236354,25.2690092656292,Bootstrap10
none,56,98,23.382306540271095,0.9760490869088888,19.233430281298975,Bootstrap01
none,56,98,28.367854263021577,0.9472842355984424,23.24944885861372,Bootstrap02
none,56,98,23.890022671147694,0.9755181884439861,18.77802559836088,Bootstrap03
none,56,98,29.255183620413167,0.9635417483730095,24.2407910853976,Bootstrap04
none,56,98,27.654178377755862,0.962450957994976,23.689822991618588,Bootstrap05
none,56,98,30.93458564605326,0.9608512891764975,24.975509223777443,Bootstrap06
none,56,98,27.800108187183707,0.9685533647335056,22.968237408605646,Bootstrap07
none,56,98,25.472667574338587,0.9740439441068897,21.09782010867485,Bootstrap08
none,56,98,29.801529835399503,0.9689316521830317,26.11811301042825,Bootstrap09
none,56,98,24.348906914118366,0.9688040365481212,19.411466696872264,Bootstrap10
none,57,99,28.36546474241913,0.9765370271132005,22.324303623274748,Bootstrap01
none,57,99,19.839888888476615,0.9819179772673983,15.584816754533044,Bootstrap02
none,57,99,27.757091898203022,0.9644591289931322,22.91743311810624,Bootstrap03
none,57,99,26.885823574865668,0.9620894368150624,21.930610107400746,Bootstrap04
none,57,99,29.079735041690384,0.970217081833632,23.90414315849374,Bootstrap05
none,57,99,23.69615987057624,0.9826028053709288,19.840344876010228,Bootstrap06
none,57,99,29.319099917954137,0.9650792524892369,24.094041126965863,Bootstrap07
none,57,99,21.742094920066904,0.9789729437081802,17.404937598990937,Bootstrap08
none,57,99,21.06638694193641,0.9864084888887542,17.48163601455134,Bootstrap09
none,57,99,23.951729269710818,0.9795659954723953,20.179943459321212,Bootstrap10
none,58,100,38.35319248742483,0.9683474715875637,30.788153450836703,Bootstrap01
none,58,100,35.12563129360919,0.958051910225199,28.579801835485696,Bootstrap02
none,58,100,22.430533997765828,0.9791836249344038,18.99391204229509,Bootstrap03
none,58,100,29.06835329054525,0.9633257590465104,24.777760529488425,Bootstrap04
none,58,100,30.461695873945924,0.9672522656385737,25.07965307856718,Bootstrap05
none,58,100,28.541618842787756,0.9718773422463652,23.075064828729598,Bootstrap06
none,58,100,32.19993105149191,0.9524913066516865,27.052279659784077,Bootstrap07
none,58,100,29.712744628563712,0.9667861703026367,23.455100626504382,Bootstrap08
none,58,100,29.297902065613837,0.9669236296939498,22.345313827443796,Bootstrap09
none,58,100,32.286221522013534,0.9682033670194151,25.700229500645268,Bootstrap10
none,59,101,33.63894700677478,0.9742271204916674,28.561870645953277,Bootstrap01
none,59,101,28.508993354093143,0.9685103149177579,22.900573170161866,Bootstrap02
none,59,101,31.52408281978998,0.970757971800044,26.20175069796362,Bootstrap03
none,59,101,26.76924533304706,0.9732064356320113,21.062430224490647,Bootstrap04
none,59,101,30.5906600250101,0.9646395915794489,24.771210961696887,Bootstrap05
none,59,101,28.26539297711681,0.968091867358283,23.05745662362622,Bootstrap06
none,59,101,29.718665102765424,0.9679384382016689,24.285618775153324,Bootstrap07
none,59,101,22.270484504294686,0.9825493646409444,18.620202885386824,Bootstrap08
none,59,101,26.904379243568375,0.9659762763199508,22.74510103583146,Bootstrap09
none,59,101,26.190749605564154,0.9787542004948446,20.72922100695156,Bootstrap10
none,60,102,30.2862211827636,0.9664872591824349,25.03124694728442,Bootstrap01
none,60,102,28.40809761723331,0.9641736764841035,22.385474945251804,Bootstrap02
none,60,102,20.923924983584268,0.9897955638009839,16.021282095229576,Bootstrap03
none,60,102,29.504427257961193,0.9620872477118938,23.046479857092677,Bootstrap04
none,60,102,27.732335878804314,0.9675355419870451,22.728416988789085,Bootstrap05
none,60,102,29.207814668165334,0.9789818411215727,23.09001144326628,Bootstrap06
none,60,102,23.895232643884928,0.9616386758731538,19.345271668156894,Bootstrap07
none,60,102,31.00990677700343,0.9546521561118205,25.039010928038703,Bootstrap08
none,60,102,28.11527460384037,0.9567558853689168,22.336295716106033,Bootstrap09
none,60,102,27.137724918520114,0.9530523666758983,24.57313887843446,Bootstrap10
none,61,103,29.382960785011267,0.9580688975365446,23.46121011567852,Bootstrap01
none,61,103,29.150419449528194,0.9679852786860967,23.11485264186796,Bootstrap02
none,61,103,29.896497227932567,0.9625924058205213,25.352586316721784,Bootstrap03
none,61,103,32.751336691750694,0.9653616339351551,26.75908325038235,Bootstrap04
none,61,103,26.79495197662418,0.9585195850615942,22.529539992629296,Bootstrap05
none,61,103,30.514602040618193,0.9585522619827418,25.756288681888385,Bootstrap06
none,61,103,26.71326174735584,0.9695899142316797,22.378821962256364,Bootstrap07
none,61,103,27.36503581074018,0.9752302468595306,21.422656227203653,Bootstrap08
none,61,103,25.355935664052108,0.971172586948547,20.80629132052866,Bootstrap09
none,61,103,27.55871228594854,0.9708436166154326,22.023882421019202,Bootstrap10
none,62,104,29.31173499694501,0.9770522370408162,22.00243168334921,Bootstrap01
none,62,104,24.310087675195234,0.9809346797239092,18.643325212076384,Bootstrap02
none,62,104,24.947281249047524,0.9645206584374402,20.998235071466944,Bootstrap03
none,62,104,31.20973362804521,0.9701426333843568,25.53444183503496,Bootstrap04
none,62,104,22.148728426498483,0.9821129253604636,18.050961992203057,Bootstrap05
none,62,104,25.678056390884752,0.9687792599862145,20.06364967337936,Bootstrap06
none,62,104,27.68569313350994,0.9654258501224663,22.877158145470812,Bootstrap07
none,62,104,29.51352611998345,0.9615927600890197,24.77856375482913,Bootstrap08
none,62,104,31.630328809626118,0.9678856015969635,26.86851958874036,Bootstrap09
none,62,104,24.53709035091252,0.968245348828407,20.50940186779815,Bootstrap10
none,63,105,32.379094119193326,0.9627687829412024,26.511745548521713,Bootstrap01
none,63,105,29.829005244795322,0.9579243086541381,24.227898426703874,Bootstrap02
none,63,105,25.69909221799722,0.9653814095723934,21.480537782218875,Bootstrap03
none,63,105,28.833467465882087,0.9661165907450842,23.680878280735328,Bootstrap04
none,63,105,33.38297403377956,0.9514712621935651,27.146182512772977,Bootstrap05
none,63,105,26.237330367792783,0.9689331896825822,22.387417719410422,Bootstrap06
none,63,105,28.820644111072383,0.9797373646516904,23.90821771969379,Bootstrap07
none,63,105,22.990776830052585,0.9850407490257699,18.983467939781146,Bootstrap08
none,63,105,24.46926267524889,0.9793148541316371,18.820837533383656,Bootstrap09
none,63,105,26.962249007945555,0.9793989308911929,21.520030595324616,Bootstrap10
none,64,106,26.871069106703928,0.9712143545044757,22.36908890963921,Bootstrap01
none,64,106,34.531252210089015,0.9601213882823073,27.106155658096533,Bootstrap02
none,64,106,26.88387362966361,0.9728553394142411,20.83362152771044,Bootstrap03
none,64,106,29.622177192736224,0.9649983913709204,23.70424908388683,Bootstrap04
none,64,106,27.69052010958513,0.9698062904698475,21.585808972647122,Bootstrap05
none,64,106,28.57388945023595,0.9650393654304851,24.155937049520652,Bootstrap06
none,64,106,24.99775313158319,0.978503150653859,20.385650894635326,Bootstrap07
none,64,106,23.44492779421367,0.9779958720981317,17.303538369783965,Bootstrap08
none,64,106,26.245140706804882,0.9736325758027021,21.8387608560228,Bootstrap09
none,64,106,21.78196979967295,0.9810746389554205,16.862138016373734,Bootstrap10
none,65,107,31.31712941287599,0.9718422498152772,24.979893550524856,Bootstrap01
none,65,107,27.447490706734225,0.9718767123926462,22.384899533006116,Bootstrap02
none,65,107,29.877737375294004,0.9664689272352689,24.2719730161993,Bootstrap03
none,65,107,24.515472969721543,0.977151464221457,20.173911326707543,Bootstrap04
none,65,107,29.590465066390625,0.9397089616198809,25.278922464537075,Bootstrap05
none,65,107,27.276325183789464,0.9657725773295219,21.883393814102156,Bootstrap06
none,65,107,24.689271634450623,0.9706923781294441,20.05790327478383,Bootstrap07
none,65,107,25.953130758522022,0.9721700162210242,20.76582463627333,Bootstrap08
none,65,107,30.785901666269808,0.9557739110552782,25.536267321665242,Bootstrap09
none,65,107,34.35404943789284,0.9528054757475088,28.304392345493923,Bootstrap10
none,66,108,28.338757402088124,0.9720459289980259,22.44824762789284,Bootstrap01
none,66,108,29.95957979795378,0.9675767385141336,24.973366927686122,Bootstrap02
none,66,108,26.904933976157558,0.9412302890234407,23.692293053711847,Bootstrap03
none,66,108,30.73810613752073,0.9695912952270529,26.590667306873218,Bootstrap04
none,66,108,24.342481270332343,0.9809537970601782,18.84954390229227,Bootstrap05
none,66,108,25.04859665783547,0.95875102095914,20.535320078711386,Bootstrap06
none,66,108,32.56495465858076,0.9722647184702001,25.024587297976733,Bootstrap07
none,66,108,28.799564878046315,0.9688024304163049,23.458019061407033,Bootstrap08
none,66,108,27.486539667183557,0.9787634685496032,22.38850267412989,Bootstrap09
none,66,108,25.750002833228233,0.9708390850792911,21.66232021696274,Bootstrap10
none,67,109,24.55964028457469,0.9745307105694405,19.848101370017332,Bootstrap01
none,67,109,32.535784422323644,0.9634312275645462,26.945027154964897,Bootstrap02
none,67,109,25.36141937541739,0.9662963445701698,20.89370231964334,Bootstrap03
none,67,109,31.81461294171572,0.9583727872456513,25.933801513640976,Bootstrap04
none,67,109,28.82209138501309,0.9631882156119199,23.216978661724006,Bootstrap05
none,67,109,28.306330811547838,0.9540653021541431,23.04025758928791,Bootstrap06
none,67,109,28.762002596335385,0.9666145349880318,25.32240425042533,Bootstrap07
none,67,109,25.51940734580436,0.9616694890940877,20.59487701469989,Bootstrap08
none,67,109,29.59534048099223,0.9682824656196783,23.668975506616025,Bootstrap09
none,67,109,27.305203106836558,0.9707349387215,20.3624354202662,Bootstrap10
none,68,110,32.10351136903764,0.9727301958180603,25.850152414322782,Bootstrap01
none,68,110,28.63394154839294,0.9622334684981929,23.871951077002848,Bootstrap02
none,68,110,22.2584774478324,0.9711872685122049,18.340440844560256,Bootstrap03
none,68,110,25.32821204525677,0.9645164645459903,19.98598449159405,Bootstrap04
none,68,110,27.811030636404546,0.9716886638041464,22.056478270049745,Bootstrap05
none,68,110,27.720342020582315,0.9582599131692531,24.260002272151812,Bootstrap06
none,68,110,26.1366640064136,0.9802461600634528,20.892290031750502,Bootstrap07
none,68,110,26.73518774473145,0.9684743713126029,22.25743402727155,Bootstrap08
none,68,110,29.550078452001337,0.9467486149011524,24.49745928715633,Bootstrap09
none,68,110,27.615690060814106,0.970690898694207,22.545802146151562,Bootstrap10
none,69,111,27.316214039181297,0.9782185622162548,22.786480502361844,Bootstrap01
none,69,111,31.917798877511892,0.9673115344059051,24.98280577992742,Bootstrap02
none,69,111,27.862735192132654,0.9689933557707939,22.744534257142085,Bootstrap03
none,69,111,29.155686744495892,0.976650512978795,23.767218474836863,Bootstrap04
none,69,111,28.77456207737147,0.9804819030385399,22.546454683301118,Bootstrap05
none,69,111,31.280105586426444,0.9421558786903235,25.70503763899717,Bootstrap06
none,69,111,26.906395272896287,0.9666068912191444,22.160962469890016,Bootstrap07
none,69,111,26.41665357473306,0.974233491799819,21.43355570375491,Bootstrap08
none,69,111,23.298269335413874,0.9540848205845844,20.082198068182322,Bootstrap09
none,69,111,28.77873113321209,0.9700864876264169,21.49580801775724,Bootstrap10
none,70,112,26.373625992337825,0.9760713317224846,21.748332833933784,Bootstrap01
none,70,112,26.783430430819458,0.9699947318810115,21.993029248126852,Bootstrap02
none,70,112,29.89895686559774,0.9687264954773528,25.603648771420005,Bootstrap03
none,70,112,28.39104282997348,0.9788297438527799,22.465221155855293,Bootstrap04
none,70,112,25.854170118964966,0.9595604166799714,20.790563295687228,Bootstrap05
none,70,112,26.178084848198413,0.9551433209442749,20.748496563488334,Bootstrap06
none,70,112,26.873453289169642,0.9751435311344626,22.298786135904656,Bootstrap07
none,70,112,29.419212569790577,0.9673120117292965,24.362510466304208,Bootstrap08
none,70,112,27.564780554057442,0.9596424987900779,21.588866565100798,Bootstrap09
none,70,112,26.900997076119083,0.9607590577584113,20.558330518523864,Bootstrap10
none,71,113,26.769124282597947,0.9505019932912023,22.996909233509243,Bootstrap01
none,71,113,27.53819424481825,0.9572253742085636,22.431819171524303,Bootstrap02
none,71,113,29.639658932550304,0.96093794286138845,24.815859667755163,Bootstrap03
none,71,113,27.63541061099422,0.9726444274139299,22.348769781633198,Bootstrap04
none,71,113,29.0068681769718,0.9723716117513606,22.66817286613048,Bootstrap05
none,71,113,28.26090660103001,0.9682552905320837,23.284343801446756,Bootstrap06
none,71,113,26.38120039408136,0.972479640551965,21.99260303275035,Bootstrap07
none,71,113,31.19946266515423,0.9605937161280029,25.99468976055292,Bootstrap08
none,71,113,33.08667384651922,0.9738190440746485,26.976910151640006,Bootstrap09
none,71,113,32.63811237131573,0.9680384334671565,27.039383937020176,Bootstrap10
none,72,114,26.790676166073705,0.963419922375952,21.1718707747726,Bootstrap01
none,72,114,25.229076615886566,0.9710574233653071,21.0036905030453,Bootstrap02
none,72,114,31.068083082601188,0.9690585692556333,24.68436368644944,Bootstrap03
none,72,114,28.736149475524517,0.9696303169672499,24.084803067106566,Bootstrap04
none,72,114,27.498037964262632,0.9666446130008728,22.133142963605874,Bootstrap05
none,72,114,28.188804765740425,0.9640732689093733,23.770079134963176,Bootstrap06
none,72,114,28.829567402385017,0.9649703645320196,24.095666881100392,Bootstrap07
none,72,114,26.8672767047899,0.9718559619020962,22.007326967567725,Bootstrap08
none,72,114,25.77339017152801,0.9722091288175043,20.57123188900033,Bootstrap09
none,72,114,29.11793984246116,0.9625128899157739,24.637314088790024,Bootstrap10
none,73,115,32.009676880552,0.9720078613629216,24.017436349678402,Bootstrap01
none,73,115,27.481822636018794,0.9724644556859715,22.83119422639202,Bootstrap02
none,73,115,25.227321223691657,0.9794875073223916,20.77396728110201,Bootstrap03
none,73,115,23.07121501680417,0.9676459929517363,19.06163483004274,Bootstrap04
none,73,115,24.83910640647943,0.9828344649623173,19.91042219242803,Bootstrap05
none,73,115,25.49757931426076,0.9717929693018839,20.931496882631183,Bootstrap06
none,73,115,28.9290485078758,0.9612048856816118,22.980386513844447,Bootstrap07
none,73,115,32.91631398995205,0.9746697231290481,24.52329387799427,Bootstrap08
none,73,115,26.408490199734267,0.9723356689373036,21.943967304434693,Bootstrap09
none,73,115,29.868030480007416,0.9749519027013954,22.851959977800266,Bootstrap10
none,74,116,27.79462110575412,0.9676343997261839,22.95265065364345,Bootstrap01
none,74,116,25.19509728563935,0.9699424141039814,21.265946409805924,Bootstrap02
none,74,116,27.205178431715407,0.9658472694676681,22.242193598081315,Bootstrap03
none,74,116,24.44606786135028,0.9725197417271079,20.30796883642023,Bootstrap04
none,74,116,29.68289338412037,0.9665157393256966,23.651644508972883,Bootstrap05
none,74,116,28.079472919492144,0.9668720123808884,21.13200228203347,Bootstrap06
none,74,116,26.382549047052283,0.9719122762870945,22.35868774789118,Bootstrap07
none,74,116,29.087519044939235,0.9680857934935528,23.988357897774613,Bootstrap08
none,74,116,22.04583937457432,0.9643417132424863,17.941386159498233,Bootstrap09
none,74,116,34.00144720737137,0.9639874947960066,26.993396824535132,Bootstrap10
none,75,117,28.14968597061255,0.9701053429117162,22.003269054673858,Bootstrap01
none,75,117,32.57077473338661,0.9541246507400649,24.34215577827376,Bootstrap02
none,75,117,27.654386906715008,0.965064534729719,21.265766126014285,Bootstrap03
none,75,117,33.409303270052995,0.9691063238105737,27.766023761147096,Bootstrap04
none,75,117,29.244369562469785,0.9618166922205075,24.33822380045111,Bootstrap05
none,75,117,25.457132076979377,0.9680288088617431,19.74602988299579,Bootstrap06
none,75,117,28.943097840342926,0.955574647290121,24.212638028761855,Bootstrap07
none,75,117,29.761175642404712,0.969642591922102,25.185713480677272,Bootstrap08
none,75,117,30.660081111993065,0.9428724077895999,24.39007578837344,Bootstrap09
none,75,117,31.524869063494748,0.9651170879692783,27.203011072708676,Bootstrap10
none,76,118,27.409155516882315,0.973160212733272,21.594594005477266,Bootstrap01
none,76,118,27.644207979642484,0.970635259094356,22.453910014331107,Bootstrap02
none,76,118,28.4467181407634,0.9664721097874911,22.690803042520916,Bootstrap03
none,76,118,33.184787182208886,0.9627555201816197,25.92155630344254,Bootstrap04
none,76,118,26.217300117164516,0.9758440176486843,20.17490909363185,Bootstrap05
none,76,118,24.862413118903124,0.9724667178058026,20.665160098747652,Bootstrap06
none,76,118,28.145715296085186,0.9759567809628666,23.9344682453316,Bootstrap07
none,76,118,23.434586055198125,0.9731700348254527,18.885035843134414,Bootstrap08
none,76,118,24.386803857408545,0.969728023179619,19.27477927968924,Bootstrap09
none,76,118,24.139453779281236,0.9750182464788988,19.602153802573973,Bootstrap10
none,77,119,30.95496382837929,0.9684446042365421,26.583453437430066,Bootstrap01
none,77,119,25.65692655168028,0.9702550719926297,20.095851182378958,Bootstrap02
none,77,119,25.421323907224938,0.9716190712513432,20.277390290652043,Bootstrap03
none,77,119,27.222259337704212,0.9682051997333304,22.253959356850046,Bootstrap04
none,77,119,28.100131824074918,0.9720595473476742,22.608287455622072,Bootstrap05
none,77,119,27.780907292188694,0.9719539226332332,22.72054930253876,Bootstrap06
none,77,119,28.524087005017577,0.9573818369322014,22.71773423533333,Bootstrap07
none,77,119,25.167475541875145,0.9640332731931253,19.356739643087526,Bootstrap08
none,77,119,27.102786770918144,0.9610913963522282,21.977184844812417,Bootstrap09
none,77,119,26.78785987336271,0.9605883892566116,22.179398542856376,Bootstrap10
none,78,120,27.23900133467082,0.9654592307974345,21.81490675066485,Bootstrap01
none,78,120,27.184792678371323,0.9752705585123381,20.73531156215805,Bootstrap02
none,78,120,26.116388463757428,0.973461296077229,22.07924865760269,Bootstrap03
none,78,120,27.16075289236864,0.9770933079345854,21.59439625843889,Bootstrap04
none,78,120,28.416177500949942,0.9665402598770865,22.571392664238505,Bootstrap05
none,78,120,21.653343471903032,0.9758354377008741,18.749201344494068,Bootstrap06
none,78,120,25.221640286241232,0.9636728316815514,21.6562379308632,Bootstrap07
none,78,120,27.477511720927772,0.9696343020452297,21.875621193442278,Bootstrap08
none,78,120,27.611360469157187,0.9674503256667105,22.93592819975415,Bootstrap09
none,78,120,27.963441325726066,0.971405902084538,22.439734983573402,Bootstrap10
none,79,121,27.64614533365826,0.9724990911658693,22.052500778909625,Bootstrap01
none,79,121,27.129084879633496,0.9690434757701535,22.763425714659526,Bootstrap02
none,79,121,26.145579205441255,0.965470888433222,21.932424065051674,Bootstrap03
none,79,121,27.35643593406002,0.9688066087049421,21.90160028513413,Bootstrap04
none,79,121,26.889115040106173,0.9721846533467347,22.285024957175544,Bootstrap05
none,79,121,31.066143318262853,0.9669591323685334,27.429679282942583,Bootstrap06
none,79,121,24.99806294609467,0.9723447219580831,19.82112437053483,Bootstrap07
none,79,121,32.081657881717156,0.9532941820336936,25.665890275361186,Bootstrap08
none,79,121,27.074680285932825,0.9687380209072763,22.027811904633353,Bootstrap09
none,79,121,30.903665668341695,0.9611170467932193,24.50667006970959,Bootstrap10
none,80,122,26.731594573130312,0.976944889843263,21.3479389733016,Bootstrap01
none,80,122,29.934086713867647,0.9713909122026245,24.082606464001536,Bootstrap02
none,80,122,33.558889161634184,0.9635891198510262,26.54171772702962,Bootstrap03
none,80,122,25.26654167099042,0.9721751694810624,21.01667268029335,Bootstrap04
none,80,122,24.43066075058594,0.9757765540642693,19.31080450012827,Bootstrap05
none,80,122,35.21971316188965,0.9318484784658683,29.459193181764014,Bootstrap06
none,80,122,25.981843688339264,0.9694650101713174,21.011442672100674,Bootstrap07
none,80,122,28.509075525058822,0.9678892580744962,23.904334524898324,Bootstrap08
none,80,122,25.658870956338315,0.9728425940727644,20.040991713398746,Bootstrap09
none,80,122,29.692010308995968,0.9723305608775179,23.15080405962134,Bootstrap10
none,81,123,32.045780181648816,0.9532245984095031,25.999543722495936,Bootstrap01
none,81,123,37.78622297946369,0.9603003862221593,32.80024922980564,Bootstrap02
none,81,123,24.448983051810593,0.9675525923552728,19.16278959235683,Bootstrap03
none,81,123,29.87687798811789,0.9640088252361703,23.379192378123367,Bootstrap04
none,81,123,26.02883677253946,0.9727059717115073,20.556900658469115,Bootstrap05
none,81,123,27.46989510740785,0.9751090723178313,20.688783089901865,Bootstrap06
none,81,123,32.5539547406929,0.96250055818861,26.26149337503563,Bootstrap07
none,81,123,21.672618315513017,0.9755432367524628,17.95494219792816,Bootstrap08
none,81,123,28.89510421238816,0.9664612545055757,24.743016028858438,Bootstrap09
none,81,123,29.191213976165592,0.9578970764957523,24.45764990165734,Bootstrap10
none,82,124,34.59819391960907,0.9616139828539987,27.594338977563716,Bootstrap01
none,82,124,27.122134476871565,0.970016875706621,22.915835150491212,Bootstrap02
none,82,124,29.224042442449075,0.9746737746795362,23.91261996486656,Bootstrap03
none,82,124,33.632879849396076,0.9482469589875304,28.528343079838535,Bootstrap04
none,82,124,25.842757290712388,0.97336185200353,21.68637364976965,Bootstrap05
none,82,124,24.24976693684104,0.9706261713871592,19.576088526536935,Bootstrap06
none,82,124,27.33033934759122,0.9686208839485052,23.839114971247724,Bootstrap07
none,82,124,25.67954058491106,0.970391619132887,21.08277715391439,Bootstrap08
none,82,124,24.719061003955964,0.9827055914570039,18.583517949517933,Bootstrap09
none,82,124,28.73618405202211,0.9644715758241614,22.90282511510511,Bootstrap10
none,83,125,28.12212075347669,0.9553608768328173,22.90078159563133,Bootstrap01
none,83,125,24.983893183041307,0.9673065391137184,19.330954696137,Bootstrap02
none,83,125,21.9117398312479,0.9641360292553103,17.457551631202648,Bootstrap03
none,83,125,25.656239025293292,0.9758509177108371,19.88944064250944,Bootstrap04
none,83,125,27.990914484927234,0.9676694311013495,22.094417860864603,Bootstrap05
none,83,125,30.75461221636935,0.9640673687958146,24.667086390180824,Bootstrap06
none,83,125,27.792700022758584,0.9703892857383729,21.235947994055078,Bootstrap07
none,83,125,27.842868356294662,0.9725915739849753,22.64670730143316,Bootstrap08
none,83,125,35.19026711518329,0.9532817159266506,28.07305309250967,Bootstrap09
none,83,125,29.320545118285885,0.9529424922450732,23.924039100590203,Bootstrap10
none,84,126,23.648010261568498,0.9747854720945502,18.547851730366467,Bootstrap01
none,84,126,26.691110661706812,0.9643136582547908,20.946366463299228,Bootstrap02
none,84,126,31.173617943904667,0.9613376133171546,26.42427395200052,Bootstrap03
none,84,126,23.88812263988279,0.9580037109394033,20.73892733497833,Bootstrap04
none,84,126,28.80857651407246,0.9701084331139812,24.123840826878897,Bootstrap05
none,84,126,27.57749539006155,0.9778111646425484,21.34673856635957,Bootstrap06
none,84,126,26.057621441067404,0.970463762090534,21.164755822830188,Bootstrap07
none,84,126,28.905049917087645,0.9652502132020814,23.27755138974868,Bootstrap08
none,84,126,27.216084124669536,0.9632981077829184,23.037624414916078,Bootstrap09
none,84,126,28.29107737056562,0.9600543806080868,22.012965547584763,Bootstrap10
none,85,127,29.95911586062138,0.9705216330244134,25.328603247754636,Bootstrap01
none,85,127,31.788239815668458,0.9549915780738786,26.49903753165874,Bootstrap02
none,85,127,23.65583432593179,0.9768543130809781,20.221051845171424,Bootstrap03
none,85,127,28.61454046289563,0.9720432961220826,24.317653927793877,Bootstrap04
none,85,127,28.07973524342303,0.9653970742813884,23.24899093653256,Bootstrap05
none,85,127,30.878344613313537,0.9709030147182733,23.775984422532698,Bootstrap06
none,85,127,27.207640476938934,0.9594583461929957,22.943094171075447,Bootstrap07
none,85,127,29.1027613881493,0.9540092231126566,23.64781909428126,Bootstrap08
none,85,127,28.60218948985848,0.9771388855304038,23.335112020125614,Bootstrap09
none,85,127,25.351696499407446,0.9700926525568804,22.00896947765781,Bootstrap10
none,86,128,31.221217276201507,0.9560401169863957,25.796053343915084,Bootstrap01
none,86,128,31.52290702080806,0.964384087472437,25.426480867315792,Bootstrap02
none,86,128,29.950899745715606,0.9631593962505575,23.722938937112755,Bootstrap03
none,86,128,25.106096664818306,0.9746387150665107,19.80654458494115,Bootstrap04
none,86,128,25.88296124056109,0.9724081890649722,20.00931540075293,Bootstrap05
none,86,128,22.185721566336767,0.9769387653411268,18.40836343905488,Bootstrap06
none,86,128,33.43805496215158,0.9544590082976163,28.252306489808305,Bootstrap07
none,86,128,31.460707270849596,0.9631584983983975,25.902075125952003,Bootstrap08
none,86,128,27.678820784382687,0.9694086854078323,22.89739426758484,Bootstrap09
none,86,128,29.93830269247723,0.9678129661588739,24.78813604852125,Bootstrap10
none,87,129,27.992222400791064,0.976423033533928,22.650289876034996,Bootstrap01
none,87,129,25.886965835632626,0.9730822444410964,20.92503059502485,Bootstrap02
none,87,129,26.694843999599907,0.9633252761514784,21.03208470177677,Bootstrap03
none,87,129,29.66777684056411,0.9630543842199352,24.181678742028605,Bootstrap04
none,87,129,30.272828634544283,0.9656425430085539,26.386135670056422,Bootstrap05
none,87,129,27.133511627010687,0.9672387098177693,21.982750774660378,Bootstrap06
none,87,129,29.424692680644224,0.9699558137627687,23.705601315177944,Bootstrap07
none,87,129,27.98990231012665,0.9642925341955224,22.90958123246106,Bootstrap08
none,87,129,26.485989468953537,0.9742019614695976,20.397038404943252,Bootstrap09
none,87,129,28.122276594980832,0.9714266496265471,23.35744988093144,Bootstrap10
none,88,130,24.002250116329183,0.9743317159187264,20.54464620997985,Bootstrap01
none,88,130,23.14953877750798,0.971330573488379,18.96010689387231,Bootstrap02
none,88,130,28.75814681323675,0.9712959408970617,23.588760930795118,Bootstrap03
none,88,130,25.537828319473768,0.96768371362619,21.154664192526987,Bootstrap04
none,88,130,29.763146713899424,0.9493971832175884,24.773755691863876,Bootstrap05
none,88,130,31.71729674610861,0.9671348829216464,26.272709760494,Bootstrap06
none,88,130,23.304754901183795,0.9745755372697269,18.894238108158714,Bootstrap07
none,88,130,29.133410663453272,0.9681729990431289,23.731740660069942,Bootstrap08
none,88,130,32.803997290364535,0.9554807030499943,26.34881672790349,Bootstrap09
none,88,130,28.967752369900715,0.9718066268271361,23.97378880120903,Bootstrap10
none,89,131,28.990564693409596,0.962597157439554,23.96694622766528,Bootstrap01
none,89,131,26.9701638972637,0.9647476680065318,22.00094914067154,Bootstrap02
none,89,131,24.170537426574576,0.9681411338091792,18.82492705263818,Bootstrap03
none,89,131,25.27378289430079,0.9760127201741595,19.956826143559184,Bootstrap04
none,89,131,28.713663775869495,0.9656936451860896,23.198079297130057,Bootstrap05
none,89,131,26.25851610704221,0.9709802056203725,22.048969644466652,Bootstrap06
none,89,131,24.363819160438172,0.9713002858277056,20.436174224370383,Bootstrap07
none,89,131,33.007849237299844,0.9749163530996352,26.042120839743294,Bootstrap08
none,89,131,27.37492367936999,0.9725777157903788,23.727417611999567,Bootstrap09
none,89,131,27.63172444712476,0.970839386045655,23.87958473644258,Bootstrap10
none,90,132,28.744173046289223,0.9608468602567036,24.171335608105533,Bootstrap01
none,90,132,24.468389118069126,0.9676155510220531,18.73746266519814,Bootstrap02
none,90,132,27.24781239399338,0.9682173758915034,22.44744154688747,Bootstrap03
none,90,132,27.728278311280018,0.973802538579673,22.716439957881683,Bootstrap04
none,90,132,23.17318530150045,0.9646638660739317,19.609508887642274,Bootstrap05
none,90,132,29.011617455310486,0.9570244599297926,24.073082010336297,Bootstrap06
none,90,132,25.15935683270663,0.9688394845074487,20.542495462711614,Bootstrap07
none,90,132,25.829498693529473,0.9809853912553128,21.826268835429254,Bootstrap08
none,90,132,27.52655169812589,0.954748317303984,22.301436334037042,Bootstrap09
none,90,132,26.896071087465604,0.9663348956736736,22.672305280933493,Bootstrap10
none,91,133,23.10112031607535,0.9804403175894381,18.132599519012242,Bootstrap01
none,91,133,31.891494872996738,0.9453803153787999,25.353537960628497,Bootstrap02
none,91,133,32.07193050310216,0.9598799858877011,27.05918765932138,Bootstrap03
none,91,133,31.01572117932455,0.9639005175318669,25.133479510812357,Bootstrap04
none,91,133,27.810809987696548,0.9610264669686528,22.257554280266103,Bootstrap05
none,91,133,24.434383234667436,0.9762408439272865,19.916617325125305,Bootstrap06
none,91,133,29.78093682963463,0.9707189938415919,25.141610813182794,Bootstrap07
none,91,133,25.67245254754021,0.9809635467794634,20.496119442552047,Bootstrap08
none,91,133,28.639084413215723,0.9518885148274039,23.550708632736278,Bootstrap09
none,91,133,27.875337100846743,0.9743354523555187,23.408861009071057,Bootstrap10
none,92,134,30.807883581679544,0.9733941638268223,24.372409313134973,Bootstrap01
none,92,134,30.6851897543561,0.9692528275430891,25.48563723442669,Bootstrap02
none,92,134,23.2293373941033,0.9787274450497825,18.373056239040793,Bootstrap03
none,92,134,24.99403886477981,0.9734754551018618,19.121679804129737,Bootstrap04
none,92,134,28.04242099923317,0.9689821723884278,21.18774700655939,Bootstrap05
none,92,134,34.50188446657494,0.9667310587054465,29.32155241964891,Bootstrap06
none,92,134,25.79084115647937,0.958941689368082,21.628734900255175,Bootstrap07
none,92,134,29.396996413547438,0.9608040772500899,24.513544490377956,Bootstrap08
none,92,134,26.743327361351607,0.9690554327252431,21.07400985476614,Bootstrap09
none,92,134,28.649161847322937,0.96891521862053,24.494932013606363,Bootstrap10
none,93,135,25.622866769097776,0.9783890850079059,19.825817690019285,Bootstrap01
none,93,135,25.969488199760637,0.968121785542792,21.703329658888165,Bootstrap02
none,93,135,23.681895464806722,0.9767548049560737,18.565742201168817,Bootstrap03
none,93,135,23.487585306317197,0.9742437703110651,20.757620979676737,Bootstrap04
none,93,135,29.644794531921992,0.9753135646870036,23.928307410907948,Bootstrap05
none,93,135,33.367396108148135,0.949103724885116,27.322792232074633,Bootstrap06
none,93,135,29.50439600703129,0.9576654822779026,23.458179532596244,Bootstrap07
none,93,135,25.929248671503238,0.9726791842889829,21.774270278952805,Bootstrap08
none,93,135,32.44799114267539,0.9719866349469187,27.029110599223834,Bootstrap09
none,93,135,27.994701436408754,0.9694327330473566,22.170429100358042,Bootstrap10
none,94,136,21.802676645684333,0.978262531674404,18.787645522360325,Bootstrap01
none,94,136,30.320009013679854,0.9474126621604706,25.62509627051843,Bootstrap02
none,94,136,26.68356544296606,0.960947573778995,21.331707017313118,Bootstrap03
none,94,136,28.005556850201227,0.9738598206995709,21.66781005358667,Bootstrap04
none,94,136,24.505130992007356,0.9650833023567265,20.292895381638715,Bootstrap05
none,94,136,25.22844803683818,0.9733665725496714,21.56004437266151,Bootstrap06
none,94,136,25.229294665286968,0.9697383782888053,20.850816970428294,Bootstrap07
none,94,136,23.751119114872896,0.9794035097334947,18.528789435515435,Bootstrap08
none,94,136,24.496841485111148,0.9751204567337972,19.78663129190713,Bootstrap09
none,94,136,26.61021534077073,0.9700561379938558,23.089176509966382,Bootstrap10
none,95,137,28.26255383063073,0.9561424953751323,23.612810477451525,Bootstrap01
none,95,137,26.812169581796347,0.9709734804636807,21.13560044838732,Bootstrap02
none,95,137,26.605323287479994,0.9720399285739311,20.996314674972638,Bootstrap03
none,95,137,26.796789393619793,0.9584709186663234,21.93951796040302,Bootstrap04
none,95,137,28.798309919861627,0.9612271456065613,23.56973122381326,Bootstrap05
none,95,137,25.5229091022588,0.9707257783282129,20.605551037992953,Bootstrap06
none,95,137,31.125201472198686,0.96969790281242,25.42398534659955,Bootstrap07
none,95,137,27.04006674575532,0.9720017650447835,23.111504218631516,Bootstrap08
none,95,137,27.90770765053142,0.9594010281931808,22.435050356296045,Bootstrap09
none,95,137,24.93079884821901,0.9761914859958429,20.714285990910753,Bootstrap10
none,96,138,23.193445545744893,0.9701361924107502,18.49852930255928,Bootstrap01
none,96,138,34.37408475069416,0.9621442664292559,27.88078798521587,Bootstrap02
none,96,138,30.545290504667534,0.9580089166695173,25.415686650125707,Bootstrap03
none,96,138,34.467512749396555,0.9648734786909339,27.341490078594582,Bootstrap04
none,96,138,29.58762417233754,0.9629738185221548,25.081740402174802,Bootstrap05
none,96,138,23.023652275172594,0.9755425906049694,19.532629086443443,Bootstrap06
none,96,138,27.319321306508662,0.9728720696781384,22.65116316230178,Bootstrap07
none,96,138,28.559922303071414,0.9678720767751948,22.895464220763134,Bootstrap08
none,96,138,27.25770250797696,0.9689046733499129,21.432833234619135,Bootstrap09
none,96,138,28.828273405854073,0.9677706729777388,23.11231577485636,Bootstrap10
none,97,139,25.143680332017077,0.9718426513986123,20.703761103641767,Bootstrap01
none,97,139,32.976410921598585,0.9627846897649197,27.317357028777618,Bootstrap02
none,97,139,31.514320651185134,0.9687350202806482,25.781488339829618,Bootstrap03
none,97,139,33.75318870685141,0.9532819750153629,26.90130931110396,Bootstrap04
none,97,139,28.395412122449965,0.966665369777363,23.170644514356688,Bootstrap05
none,97,139,28.68480790696436,0.9673280288833708,23.3348673345269,Bootstrap06
none,97,139,28.03739045755044,0.9693016254380218,21.79994180041302,Bootstrap07
none,97,139,32.00543333596915,0.9543982743770838,25.513837182673935,Bootstrap08
none,97,139,33.449228034290634,0.9721388273083403,24.98072932792526,Bootstrap09
none,97,139,30.634714568730026,0.9580530793917477,25.929785244228,Bootstrap10
none,98,140,25.227134114166432,0.9696596440544893,21.79303730044818,Bootstrap01
none,98,140,22.344482767053336,0.9770951809592998,17.708394950428577,Bootstrap02
none,98,140,25.05684724665969,0.9747849913043164,20.728565052180002,Bootstrap03
none,98,140,28.153697338288644,0.9547723950921067,21.579590392136485,Bootstrap04
none,98,140,23.674321891743723,0.9719666972904742,18.922735904610196,Bootstrap05
none,98,140,27.037111733489446,0.9637562560808626,21.653837304472834,Bootstrap06
none,98,140,25.76225694548594,0.9686381490928313,20.46529386990532,Bootstrap07
none,98,140,32.984049965685756,0.9677874549884721,25.78361117926241,Bootstrap08
none,98,140,29.859901767266162,0.9450559019788741,25.051193485584815,Bootstrap09
none,98,140,24.982846485780637,0.9667411489645346,20.858710204214734,Bootstrap10
none,99,141,27.068701846417138,0.9729932177857833,23.109615337541257,Bootstrap01
none,99,141,38.962601879432846,0.9475755394849968,32.74873670508267,Bootstrap02
none,99,141,30.258862484617904,0.9561200763933391,23.75390052010495,Bootstrap03
none,99,141,26.527507802484134,0.9748329661720233,20.860097619485014,Bootstrap04
none,99,141,26.8196752366795,0.9571107641518927,22.479711790672336,Bootstrap05
none,99,141,28.176925733898454,0.970540435478063,21.898503264800418,Bootstrap06
none,99,141,28.954317321637728,0.9637972085763613,23.640746691414012,Bootstrap07
none,99,141,26.249257811640028,0.973905304093143,21.603128479705994,Bootstrap08
none,99,141,24.90295633422527,0.9743538253795273,19.433460164828997,Bootstrap09
none,99,141,28.98920945570696,0.9704036355407811,23.212321974979385,Bootstrap10
none,100,142,27.525059710031027,0.9562811875874332,21.871807779086446,Bootstrap01
none,100,142,28.015734824403932,0.9696454810785411,22.81471643003215,Bootstrap02
none,100,142,28.011742425774198,0.9691637267430079,22.05074480042102,Bootstrap03
none,100,142,27.11376804534903,0.9555770618812666,22.01226295149285,Bootstrap04
none,100,142,32.593583178603254,0.9645644975559278,24.89954273671501,Bootstrap05
none,100,142,29.019589054588657,0.9632221422937516,23.886945094224576,Bootstrap06
none,100,142,30.129798469436896,0.9676221103540383,24.883347206043002,Bootstrap07
none,100,142,32.36619645522549,0.9618763850748664,26.455454073329886,Bootstrap08
none,100,142,25.77679990509491,0.9664028364797516,21.280198031462067,Bootstrap09
none,100,142,27.691896358417896,0.9682858547216338,23.005957244868156,Bootstrap10
